dataset,p,cost_gap_vs_dijkstra,F_score,field_vs_dijkstra,field_fidelity
gaussian_mixture,1.0,-0.011301284452368726,0.988825007318676,0.5209206174614265,0.657496511336077
gaussian_mixture,2.0,-0.011301284452368726,0.988825007318676,0.2242433185687297,0.8168310864617224
gaussian_mixture,4.0,-0.004631319863924497,0.9953900303799489,0.09289176907677678,0.9150036886495656
gaussian_mixture,8.0,0.07444437392428918,0.9307136081392567,0.047778320846739455,0.9544003536853783
gaussian_mixture,16.0,0.05977096816180731,0.943600107987973,0.024740676445537794,0.9758566464528817
gaussian_mixture,32.0,-0.018992523333062145,0.9813614693943595,0.012591840402116306,0.9875647423772288
gaussian_mixture,64.0,-0.02549683338931555,0.9751370920327006,0.006352249946960959,0.9936878464302178
gaussian_mixture,128.0,-0.023572696469332893,0.9769701785221084,0.003190328937723685,0.9968198168924715
obstacle_grid,1.0,-0.028997644707922578,0.971819522758817,0.545512124115473,0.6470347170989161
obstacle_grid,2.0,-0.029961673457880134,0.9709099141939039,0.2873500144418027,0.7767895201629387
obstacle_grid,4.0,-0.009335363499549514,0.9907509794691212,0.19260133689199982,0.8385031687169393
obstacle_grid,8.0,-0.010178455881508295,0.9899241012097943,0.18934684367549962,0.8407976237694033
obstacle_grid,16.0,-0.010178455881508295,0.9899241012097943,0.19912226196843566,0.8339433198066362
obstacle_grid,32.0,-0.010178455881508295,0.9899241012097943,0.20596281963643212,0.8292129605633076
obstacle_grid,64.0,-0.010178455881508295,0.9899241012097943,0.20983673530915012,0.8265578080206579
obstacle_grid,128.0,-0.010178455881508295,0.9899241012097943,0.21187511388599914,0.825167534626072
two_moons,1.0,0.09416088541819027,0.913942376598299,0.46133685195695,0.684304921661867
two_moons,2.0,-0.007077415814147821,0.9929723219853697,0.19610931318580144,0.8360439877660762
two_moons,4.0,-0.015917238065868377,0.9843321508195175,0.08670817525773501,0.9202102484991701
two_moons,8.0,-0.021373311711667998,0.9790739473348393,0.04527096019982335,0.95668973699301
two_moons,16.0,-0.0233578290895421,0.9771753062070936,0.02338851366234508,0.9771460072591143
two_moons,32.0,-0.018846937374924648,0.9815016989465718,0.01188922439838382,0.9882504684191566
two_moons,64.0,-0.029505280944644205,0.9713403306512708,0.005994211557085682,0.994041504922968
two_moons,128.0,-0.02284286475267318,0.9776672785822319,0.0030096147760298193,0.9969994158264356
