dataset,noise_type,noise_level,method,p,field_error_vs_clean_mean,field_error_vs_clean_std,field_error_vs_clean_median,stability_mean,stability_std,stability_median,robustness_mean,robustness_std,robustness_median
gaussian_mixture,weight_noise,0.0,dijkstra,,0.0,0.0,0.0,0.0,0.0,0.0,1.0,0.0,1.0
gaussian_mixture,weight_noise,0.0,peikonal,1.0,0.0,0.0,0.0,0.0,0.0,0.0,1.0,0.0,1.0
gaussian_mixture,weight_noise,0.0,peikonal,2.0,0.0,0.0,0.0,0.0,0.0,0.0,1.0,0.0,1.0
gaussian_mixture,weight_noise,0.0,peikonal,4.0,0.0,0.0,0.0,0.0,0.0,0.0,1.0,0.0,1.0
gaussian_mixture,weight_noise,0.0,peikonal,8.0,0.0,0.0,0.0,0.0,0.0,0.0,1.0,0.0,1.0
gaussian_mixture,weight_noise,0.0,peikonal,16.0,0.0,0.0,0.0,0.0,0.0,0.0,1.0,0.0,1.0
gaussian_mixture,weight_noise,0.0,peikonal,32.0,0.0,0.0,0.0,0.0,0.0,0.0,1.0,0.0,1.0
gaussian_mixture,weight_noise,0.0,peikonal,64.0,0.0,0.0,0.0,0.0,0.0,0.0,1.0,0.0,1.0
gaussian_mixture,weight_noise,0.0,peikonal,128.0,0.0,0.0,0.0,0.0,0.0,0.0,1.0,0.0,1.0
gaussian_mixture,weight_noise,0.05,dijkstra,,0.026567742420438207,0.0035664921243694567,0.026061496835507438,0.045654550763796986,0.0153235719184101,0.04169225450638303,0.9565223655136528,0.013919917124830358,0.9599764188261731
gaussian_mixture,weight_noise,0.05,peikonal,1.0,0.004638925803883266,0.001497260281854159,0.003904294521249364,0.037845120517403054,0.03126549758317231,0.04157212519122457,0.9643232517553415,0.029076937160774505,0.960675652206972
gaussian_mixture,weight_noise,0.05,peikonal,2.0,0.0026649020915152444,0.0006643749153199501,0.0024713669126911354,0.049556014926029235,0.028670262645636116,0.06735193320478308,0.9534390207286781,0.02665015889267456,0.9368981016387394
gaussian_mixture,weight_noise,0.05,peikonal,4.0,0.0020911228556054276,0.0004882718021699393,0.0020232840934107012,0.0529804871746389,0.022795834974017642,0.06690060796379022,0.9500942970751881,0.02099665952555117,0.9372944326168565
gaussian_mixture,weight_noise,0.05,peikonal,8.0,0.0011545516408368534,0.00024172390332602838,0.0011814071701082031,0.03839904792335611,0.01831561127891298,0.03880354862309594,0.9632895745759665,0.016925374675339794,0.9626459221529143
gaussian_mixture,weight_noise,0.05,peikonal,16.0,0.0005708135317744673,0.00011756126009268287,0.0005815827481448285,0.03352299237220582,0.0206646842062342,0.024036745215762507,0.9679079379092679,0.01909459761834828,0.9765274582889132
gaussian_mixture,weight_noise,0.05,peikonal,32.0,0.00028303395864433506,5.786974820112105e-05,0.000287892578330531,0.054866950051225716,0.020987013730333157,0.06787998199103139,0.9483304229878037,0.019187635737740377,0.936434821201095
gaussian_mixture,weight_noise,0.05,peikonal,64.0,0.0001409268708980609,2.8706829264553845e-05,0.0001432281977206682,0.055233158871475466,0.021127091309487363,0.06833304614167765,0.9480057112120605,0.019304462038255,0.9360376931253183
gaussian_mixture,weight_noise,0.05,peikonal,128.0,7.031631420872082e-05,1.4296368098401506e-05,7.143539898782166e-05,0.0605485068192906,0.012317481801568659,0.06819838979147047,0.9430239063719513,0.011058879985234856,0.9361556893895114
gaussian_mixture,weight_noise,0.1,dijkstra,,0.05324118268528144,0.007190604346306464,0.05217287703231926,0.045654550763796986,0.0153235719184101,0.04169225450638303,0.9565223655136528,0.013919917124830358,0.9599764188261731
gaussian_mixture,weight_noise,0.1,peikonal,1.0,0.008755986866586256,0.0025553128878796844,0.007598161459226722,0.037845120517403054,0.03126549758317231,0.04157212519122457,0.9643232517553415,0.029076937160774505,0.960675652206972
gaussian_mixture,weight_noise,0.1,peikonal,2.0,0.00533282650224477,0.001364063243636783,0.005043449094348162,0.04375607673699428,0.030479659138051715,0.06735193320478308,0.9588226214060158,0.028322681761538224,0.9368981016387394
gaussian_mixture,weight_noise,0.1,peikonal,4.0,0.004266463753432276,0.0010492059059496355,0.004254972256801841,0.0529804871746389,0.022795834974017642,0.06690060796379022,0.9500942970751881,0.02099665952555117,0.9372944326168565
gaussian_mixture,weight_noise,0.1,peikonal,8.0,0.0023691622151600002,0.0005305962781214328,0.002392066737697717,0.03839904792335611,0.01831561127891298,0.03880354862309594,0.9632895745759665,0.016925374675339794,0.9626459221529143
gaussian_mixture,weight_noise,0.1,peikonal,16.0,0.0011689180733866623,0.00025684274303125834,0.0011737021852795244,0.03352299237220582,0.0206646842062342,0.024036745215762507,0.9679079379092679,0.01909459761834828,0.9765274582889132
gaussian_mixture,weight_noise,0.1,peikonal,32.0,0.0005787101450386231,0.00012611783669767195,0.0005799617913448138,0.054866950051225716,0.020987013730333157,0.06787998199103139,0.9483304229878037,0.019187635737740377,0.936434821201095
gaussian_mixture,weight_noise,0.1,peikonal,64.0,0.0002879309071847359,6.248252445118959e-05,0.0002882865673983343,0.055233158871475466,0.021127091309487363,0.06833304614167765,0.9480057112120605,0.019304462038255,0.9360376931253183
gaussian_mixture,weight_noise,0.1,peikonal,128.0,0.00014361109998858607,3.1097149843386496e-05,0.0001437232419275462,0.0605485068192906,0.012317481801568659,0.06819838979147047,0.9430239063719513,0.011058879985234856,0.9361556893895114
gaussian_mixture,weight_noise,0.2,dijkstra,,0.11308044820621466,0.0148095705222468,0.11301540885233222,0.053963632948121995,0.024647291621694233,0.04169225450638303,0.9492618839357748,0.02197861752112194,0.9599764188261731
gaussian_mixture,weight_noise,0.2,peikonal,1.0,0.01609429536557334,0.0036936264321006935,0.015098976165190278,0.03809485859421951,0.030999297235067683,0.04157212519122457,0.9640775123102759,0.028815057831432463,0.960675652206972
gaussian_mixture,weight_noise,0.2,peikonal,2.0,0.010833112942949231,0.0029006022021387887,0.010723623126758002,0.04375607673699428,0.030479659138051715,0.06735193320478308,0.9588226214060158,0.028322681761538224,0.9368981016387394
gaussian_mixture,weight_noise,0.2,peikonal,4.0,0.0091104025205461,0.002443595068506648,0.009327552686501569,0.0529804871746389,0.022795834974017642,0.06690060796379022,0.9500942970751881,0.02099665952555117,0.9372944326168565
gaussian_mixture,weight_noise,0.2,peikonal,8.0,0.00517970604149194,0.0012902910202069581,0.005283340334664545,0.03639207980921014,0.01959798681327084,0.03125601514847859,0.9651947355100727,0.018154229326307093,0.969743257431189
gaussian_mixture,weight_noise,0.2,peikonal,16.0,0.0025411279685768296,0.0006236051533283415,0.002584565521492035,0.03352299237220582,0.0206646842062342,0.024036745215762507,0.9679079379092679,0.01909459761834828,0.9765274582889132
gaussian_mixture,weight_noise,0.2,peikonal,32.0,0.001251785772242809,0.00030494969895919597,0.001269338992832676,0.054866950051225716,0.020987013730333157,0.06787998199103139,0.9483304229878037,0.019187635737740377,0.936434821201095
gaussian_mixture,weight_noise,0.2,peikonal,64.0,0.0006212746642834012,0.00015075837143831692,0.0006290529378150309,0.055233158871475466,0.021127091309487363,0.06833304614167765,0.9480057112120605,0.019304462038255,0.9360376931253183
gaussian_mixture,weight_noise,0.2,peikonal,128.0,0.0003094925342235906,7.494981521407473e-05,0.00031313763386930666,0.0605485068192906,0.012317481801568659,0.06819838979147047,0.9430239063719513,0.011058879985234856,0.9361556893895114
obstacle_grid,weight_noise,0.0,dijkstra,,0.0,0.0,0.0,0.0,0.0,0.0,1.0,0.0,1.0
obstacle_grid,weight_noise,0.0,peikonal,1.0,0.0,0.0,0.0,0.0,0.0,0.0,1.0,0.0,1.0
obstacle_grid,weight_noise,0.0,peikonal,2.0,0.0,0.0,0.0,0.0,0.0,0.0,1.0,0.0,1.0
obstacle_grid,weight_noise,0.0,peikonal,4.0,0.0,0.0,0.0,0.0,0.0,0.0,1.0,0.0,1.0
obstacle_grid,weight_noise,0.0,peikonal,8.0,0.0,0.0,0.0,0.0,0.0,0.0,1.0,0.0,1.0
obstacle_grid,weight_noise,0.0,peikonal,16.0,0.0,0.0,0.0,0.0,0.0,0.0,1.0,0.0,1.0
obstacle_grid,weight_noise,0.0,peikonal,32.0,0.0,0.0,0.0,0.0,0.0,0.0,1.0,0.0,1.0
obstacle_grid,weight_noise,0.0,peikonal,64.0,0.0,0.0,0.0,0.0,0.0,0.0,1.0,0.0,1.0
obstacle_grid,weight_noise,0.0,peikonal,128.0,0.0,0.0,0.0,0.0,0.0,0.0,1.0,0.0,1.0
obstacle_grid,weight_noise,0.05,dijkstra,,0.015907426201914085,0.003946328496572803,0.014575906098197828,0.047568398205435944,0.013085725573839826,0.04311759501860877,0.9547261829325595,0.011971940857420928,0.9586646843802501
obstacle_grid,weight_noise,0.05,peikonal,1.0,0.002788236274731266,0.000515573074259224,0.0025244339218609053,0.020850963057091526,0.011770416651552425,0.021591879216969208,0.9796934953107026,0.011427173632493444,0.9788644764546103
obstacle_grid,weight_noise,0.05,peikonal,2.0,0.0018990275267204188,0.0003284913658234452,0.0018384575907327454,0.019937027514641433,0.007005157413301435,0.022152252794046038,0.9804950510453372,0.0068533404824505356,0.9783278344948191
obstacle_grid,weight_noise,0.05,peikonal,4.0,0.0013281521503603,0.00019456986701148652,0.0013149874421094021,0.017402440870195802,0.009171891666036895,0.021753051087744755,0.9829680558803624,0.008976622733127767,0.9787100698504528
obstacle_grid,weight_noise,0.05,peikonal,8.0,0.0008493558295899454,0.00014460407630589913,0.0008460338701957921,0.01957774597897028,0.0068789187495276695,0.021753051087744755,0.9808390628654076,0.006732467049845822,0.9787100698504528
obstacle_grid,weight_noise,0.05,peikonal,16.0,0.00042548978857420304,7.078490171610209e-05,0.00042482985479632703,0.01957774597897028,0.0068789187495276695,0.021753051087744755,0.9808390628654076,0.006732467049845822,0.9787100698504528
obstacle_grid,weight_noise,0.05,peikonal,32.0,0.00021271859289761163,3.539767812254883e-05,0.00021272601122709846,0.01957774597897028,0.0068789187495276695,0.021753051087744755,0.9808390628654076,0.006732467049845822,0.9787100698504528
obstacle_grid,weight_noise,0.05,peikonal,64.0,0.00010558744632983598,1.7457503821102506e-05,0.00010571940667578232,0.01957774597897028,0.0068789187495276695,0.021753051087744755,0.9808390628654076,0.006732467049845822,0.9787100698504528
obstacle_grid,weight_noise,0.05,peikonal,128.0,5.2581851985671016e-05,8.663297121539212e-06,5.268068502470558e-05,0.01957774597897028,0.0068789187495276695,0.021753051087744755,0.9808390628654076,0.006732467049845822,0.9787100698504528
obstacle_grid,weight_noise,0.1,dijkstra,,0.04138347054495368,0.00796514374344523,0.039085875017452504,0.04921534378383148,0.01416677398012445,0.04311759501860877,0.9532504268062592,0.01294041372971902,0.9586646843802501
obstacle_grid,weight_noise,0.1,peikonal,1.0,0.0057277000525977045,0.000906721498079833,0.005389387770201546,0.026958068742243452,0.004618480591995517,0.03053552842575961,0.9737673476751321,0.0043869099725320024,0.9703692618221466
obstacle_grid,weight_noise,0.1,peikonal,2.0,0.003879823426372498,0.0006486864537954253,0.003854493794665154,0.022152252794046038,0.0,0.022152252794046038,0.978327834494819,0.0,0.9783278344948191
obstacle_grid,weight_noise,0.1,peikonal,4.0,0.0026982798320520874,0.0003857388011488263,0.002672485928119999,0.024456173722806368,0.004352440943981132,0.021753051087744755,0.9761434544765377,0.004132643371773869,0.9787100698504528
obstacle_grid,weight_noise,0.1,peikonal,8.0,0.0017210454168046633,0.00032860830581918853,0.0016890248133612934,0.023555132844452494,0.0037991219206892426,0.021753051087744755,0.9769989929345094,0.003607266870744956,0.9787100698504528
obstacle_grid,weight_noise,0.1,peikonal,16.0,0.0008616150079652666,0.0001640225041426493,0.0008481824935968077,0.023555132844452494,0.0037991219206892426,0.021753051087744755,0.9769989929345094,0.003607266870744956,0.9787100698504528
obstacle_grid,weight_noise,0.1,peikonal,32.0,0.00043018481825767024,8.164256613119587e-05,0.00041966596104105083,0.023555132844452494,0.0037991219206892426,0.021753051087744755,0.9769989929345094,0.003607266870744956,0.9787100698504528
obstacle_grid,weight_noise,0.1,peikonal,64.0,0.00021342345780448515,4.017600252567739e-05,0.0002081813923800915,0.023555132844452494,0.0037991219206892426,0.021753051087744755,0.9769989929345094,0.003607266870744956,0.9787100698504528
obstacle_grid,weight_noise,0.1,peikonal,128.0,0.00010625946974944056,1.9914960814859294e-05,0.00010366555672120895,0.023555132844452494,0.0037991219206892426,0.021753051087744755,0.9769989929345094,0.003607266870744956,0.9787100698504528
obstacle_grid,weight_noise,0.2,dijkstra,,0.11224482770232776,0.014861349410934017,0.11328769734322199,0.054405927945795886,0.014926147998944456,0.04566226588128332,0.9485702061360974,0.013255030084240237,0.956337390022711
obstacle_grid,weight_noise,0.2,peikonal,1.0,0.012268685029473949,0.0019953744156974156,0.012479172136879046,0.03343563250733424,0.007271068936772086,0.03053552842575961,0.9676891692023999,0.006795523251127319,0.9703692618221466
obstacle_grid,weight_noise,0.2,peikonal,2.0,0.008189850236713241,0.001472445754701099,0.008049015036742737,0.029335432416178597,0.008932138121122406,0.026740134566251614,0.9715660235595337,0.008376028653523375,0.9739757250126626
obstacle_grid,weight_noise,0.2,peikonal,4.0,0.005670845579338691,0.0008903285443887629,0.005597464701624857,0.029334601466642452,0.0065448959657908225,0.030763459871283438,0.9715366085658619,0.006153916802772718,0.9701546852707361
obstacle_grid,weight_noise,0.2,peikonal,8.0,0.0036891614718889284,0.0008331416666835388,0.003462867888995031,0.029334601466642452,0.0065448959657908225,0.030763459871283438,0.9715366085658619,0.006153916802772718,0.9701546852707361
obstacle_grid,weight_noise,0.2,peikonal,16.0,0.0018544555938520863,0.0004428208398503081,0.0017347013368725589,0.029334601466642452,0.0065448959657908225,0.030763459871283438,0.9715366085658619,0.006153916802772718,0.9701546852707361
obstacle_grid,weight_noise,0.2,peikonal,32.0,0.0009218059020994682,0.00022010651774285347,0.0008686204651880894,0.029334601466642452,0.0065448959657908225,0.030763459871283438,0.9715366085658619,0.006153916802772718,0.9701546852707361
obstacle_grid,weight_noise,0.2,peikonal,64.0,0.0004563269922714578,0.00010805374753000741,0.0004303903275841847,0.029334601466642452,0.0065448959657908225,0.030763459871283438,0.9715366085658619,0.006153916802772718,0.9701546852707361
obstacle_grid,weight_noise,0.2,peikonal,128.0,0.00022693851701542197,5.348426228932349e-05,0.00021412486592696262,0.029334601466642452,0.0065448959657908225,0.030763459871283438,0.9715366085658619,0.006153916802772718,0.9701546852707361
two_moons,weight_noise,0.0,dijkstra,,0.0,0.0,0.0,0.0,0.0,0.0,1.0,0.0,1.0
two_moons,weight_noise,0.0,peikonal,1.0,0.0,0.0,0.0,0.0,0.0,0.0,1.0,0.0,1.0
two_moons,weight_noise,0.0,peikonal,2.0,0.0,0.0,0.0,0.0,0.0,0.0,1.0,0.0,1.0
two_moons,weight_noise,0.0,peikonal,4.0,0.0,0.0,0.0,0.0,0.0,0.0,1.0,0.0,1.0
two_moons,weight_noise,0.0,peikonal,8.0,0.0,0.0,0.0,0.0,0.0,0.0,1.0,0.0,1.0
two_moons,weight_noise,0.0,peikonal,16.0,0.0,0.0,0.0,0.0,0.0,0.0,1.0,0.0,1.0
two_moons,weight_noise,0.0,peikonal,32.0,0.0,0.0,0.0,0.0,0.0,0.0,1.0,0.0,1.0
two_moons,weight_noise,0.0,peikonal,64.0,0.0,0.0,0.0,0.0,0.0,0.0,1.0,0.0,1.0
two_moons,weight_noise,0.0,peikonal,128.0,0.0,0.0,0.0,0.0,0.0,0.0,1.0,0.0,1.0
two_moons,weight_noise,0.05,dijkstra,,0.021317584310247297,0.0037595226687272315,0.02067813746386315,0.05457949781470304,0.014338314211605259,0.05659540862112537,0.9484063979499633,0.013170803619652179,0.9464364100048558
two_moons,weight_noise,0.05,peikonal,1.0,0.0040518880826293,0.0017855129153272252,0.004020673516661836,0.010573232680840153,0.0034403095675863502,0.00983274598872626,0.9895476887625214,0.0033610680752712676,0.9902629955031821
two_moons,weight_noise,0.05,peikonal,2.0,0.0016227577191191972,0.0007290189609873103,0.0013947454612612583,0.037573595998008684,0.029155355093207116,0.038469993812250636,0.9644726841948155,0.027111334320173288,0.9635775418512704
two_moons,weight_noise,0.05,peikonal,4.0,0.0011520937493789526,0.0004200849772171289,0.0011240300534871546,0.024932932496183037,0.018916697560318142,0.012038129964146308,0.9759706492170149,0.017883213970003784,0.988105062835357
two_moons,weight_noise,0.05,peikonal,8.0,0.0005930174944007854,0.00019916568218017534,0.0005484135833507449,0.025087005072539782,0.019008873637749488,0.012105245366197084,0.9758267603524236,0.01796435698272592,0.9880395389495118
two_moons,weight_noise,0.05,peikonal,16.0,0.0002904835004813325,9.5643954537944e-05,0.0002664991835126244,0.01842789721186717,0.015198639257138736,0.011922168202973222,0.9820982836773136,0.014350052878804075,0.9882183368849361
two_moons,weight_noise,0.05,peikonal,32.0,0.00014373752267540993,4.6891705723893145e-05,0.00013133397847590232,0.019041890316794877,0.01494696196212516,0.014714066692903338,0.9815003016765467,0.014118563871969171,0.9854992976091693
two_moons,weight_noise,0.05,peikonal,64.0,7.149468433275232e-05,2.3220585131190016e-05,6.523893271441177e-05,0.01808847728883544,0.015549435385653627,0.011788697107924292,0.9824347682061078,0.014685692847851033,0.988348657045072
two_moons,weight_noise,0.05,peikonal,128.0,3.56540841996056e-05,1.1554945535009603e-05,3.2550351663804385e-05,0.017959820230175064,0.015458796912782055,0.011708319854705752,0.9825566817739247,0.014606928369000228,0.9884271784417201
two_moons,weight_noise,0.1,dijkstra,,0.04264011563554877,0.007517083225500478,0.0413745065120263,0.05457949781470304,0.014338314211605259,0.05659540862112537,0.9484063979499633,0.013170803619652179,0.9464364100048558
two_moons,weight_noise,0.1,peikonal,1.0,0.007908696981099141,0.0034810791719238504,0.00785001105300024,0.019381209337887194,0.015789617955696427,0.012869356385780177,0.9811949717602341,0.01489877094669441,0.9873030336501325
two_moons,weight_noise,0.1,peikonal,2.0,0.0033189607785224116,0.00144759191924782,0.0029143302977078633,0.03821029151095197,0.02850420730302686,0.039701428768153614,0.9638502007158862,0.026475802382707303,0.9623782386646436
two_moons,weight_noise,0.1,peikonal,4.0,0.002496468428893963,0.0009706783594997301,0.002406617367517496,0.025591406807703866,0.018371851025028238,0.013354195805337199,0.975326900274282,0.017350855753989015,0.986823453065307
two_moons,weight_noise,0.1,peikonal,8.0,0.0012824944222093342,0.000468794048603165,0.0012247410744836505,0.02574915053300894,0.018459994636252204,0.013428648583568485,0.9751795034777538,0.017428089581192265,0.9867509732329751
two_moons,weight_noise,0.1,peikonal,16.0,0.0006242480697001401,0.0002223628966980994,0.0005976372671672169,0.02545110385834664,0.018746585426435324,0.012278102256109903,0.9754718300140777,0.017701998081045077,0.987870821043402
two_moons,weight_noise,0.1,peikonal,32.0,0.00030791726544797594,0.00010831823661133189,0.0002950870784507112,0.025061481045937233,0.01906126369665107,0.014714066692903338,0.9758529504673014,0.018028189331490436,0.9854992976091693
two_moons,weight_noise,0.1,peikonal,64.0,0.00015291642963471386,5.346312518180224e-05,0.00014658016339669157,0.02515617137443224,0.019259170095909838,0.011788697107924292,0.9757687481593974,0.018193709720893545,0.988348657045072
two_moons,weight_noise,0.1,peikonal,128.0,7.619889637151338e-05,2.656017840613926e-05,7.292849463872957e-05,0.024913830456547527,0.019197662863414795,0.011708319854705752,0.9759976748684658,0.01814560117561664,0.9884271784417201
two_moons,weight_noise,0.2,dijkstra,,0.09215289961125996,0.014051198628872616,0.0925841698513418,0.058284488791860524,0.007010894694769231,0.05659540862112537,0.9449628467166267,0.006263840564513948,0.9464364100048558
two_moons,weight_noise,0.2,peikonal,1.0,0.013896523616152049,0.006434632426218307,0.013546416272485809,0.02879520058727682,0.018495742198459585,0.01834821453645744,0.9722920104402635,0.017382922972013184,0.9819856128048576
two_moons,weight_noise,0.2,peikonal,2.0,0.007159123667978376,0.0029899335787862335,0.007116431040328171,0.03821029151095197,0.02850420730302686,0.039701428768153614,0.9638502007158862,0.026475802382707303,0.9623782386646436
two_moons,weight_noise,0.2,peikonal,4.0,0.006124820811246342,0.002609746081010929,0.005488563295209593,0.025591406807703866,0.018371851025028238,0.013354195805337199,0.975326900274282,0.017350855753989015,0.986823453065307
two_moons,weight_noise,0.2,peikonal,8.0,0.003149394674213623,0.0012947164394129156,0.002826633054800556,0.02574915053300894,0.018459994636252204,0.013428648583568485,0.9751795034777538,0.017428089581192265,0.9867509732329751
two_moons,weight_noise,0.2,peikonal,16.0,0.0015096441735098097,0.0006028450559348314,0.0013325999049252702,0.02545110385834664,0.018746585426435324,0.012278102256109903,0.9754718300140777,0.017701998081045077,0.987870821043402
two_moons,weight_noise,0.2,peikonal,32.0,0.0007388675513609851,0.00029078235455095593,0.0006466275148319051,0.025046389009381376,0.019074671920099713,0.014714066692903338,0.9758677507744208,0.01804134485278968,0.9854992976091693
two_moons,weight_noise,0.2,peikonal,64.0,0.00036550007560735923,0.00014279610050217014,0.0003184803439662046,0.02531915728095884,0.01910754888645462,0.011788697107924292,0.9756087127520663,0.018044354399333846,0.988348657045072
two_moons,weight_noise,0.2,peikonal,128.0,0.00018177351191655958,7.075764252863573e-05,0.00015804262167855223,0.025146527150807847,0.018977270512078554,0.011708319854705752,0.9757690016840475,0.017928182960509284,0.9884271784417201
