dataset,p,stability_median,R_score
gaussian_mixture,1.0,0.031179093893418428,0.970506739155229
gaussian_mixture,2.0,0.05051394990358731,0.9526735762290546
gaussian_mixture,4.0,0.05017545597284266,0.9529708244626424
gaussian_mixture,8.0,0.02721577809866762,0.9737587754342545
gaussian_mixture,16.0,0.01802755891182188,0.9823955937166848
gaussian_mixture,32.0,0.05090998649327354,0.9523261159008213
gaussian_mixture,64.0,0.05124978460625824,0.9520282698439887
gaussian_mixture,128.0,0.05114879234360285,0.9521167670421335
obstacle_grid,1.0,0.020665734017122107,0.9799007500247259
obstacle_grid,2.0,0.017761160038585924,0.9826578485005752
obstacle_grid,4.0,0.018567390511693236,0.9818937062429105
obstacle_grid,8.0,0.018567390511693236,0.9818937062429105
obstacle_grid,16.0,0.018567390511693236,0.9818937062429105
obstacle_grid,32.0,0.018567390511693236,0.9818937062429105
obstacle_grid,64.0,0.018567390511693236,0.9818937062429105
obstacle_grid,128.0,0.018567390511693236,0.9818937062429105
two_moons,1.0,0.01026257922774097,0.989887910489543
two_moons,2.0,0.029468212837139466,0.9720835047951394
two_moons,4.0,0.009686630393705176,0.9904379922414928
two_moons,8.0,0.009740635633333513,0.9903853713538655
two_moons,16.0,0.009119593178798256,0.990989994742935
two_moons,32.0,0.011035550019677504,0.989124473206877
two_moons,64.0,0.008841522830943218,0.991261492783804
two_moons,128.0,0.008781239891029314,0.9913203838312901
