dataset,p,F_score,R_score,J_beta_0.25,J_beta_0.5,J_beta_0.75
gaussian_mixture,1.0,0.988825007318676,0.970506739155229,0.9842454402778142,0.9796658732369525,0.9750863061960908
gaussian_mixture,2.0,0.988825007318676,0.9526735762290546,0.9797871495462707,0.9707492917738653,0.9617114340014599
gaussian_mixture,4.0,0.9953900303799489,0.9529708244626424,0.9847852289006223,0.9741804274212956,0.963575625941969
gaussian_mixture,8.0,0.9307136081392567,0.9737587754342545,0.9414748999630063,0.9522361917867557,0.962997483610505
gaussian_mixture,16.0,0.943600107987973,0.9823955937166848,0.953298979420151,0.9629978508523289,0.9726967222845069
gaussian_mixture,32.0,0.9813614693943595,0.9523261159008213,0.9741026310209749,0.9668437926475903,0.9595849542742059
gaussian_mixture,64.0,0.9751370920327006,0.9520282698439887,0.9693598864855226,0.9635826809383446,0.9578054753911667
gaussian_mixture,128.0,0.9769701785221084,0.9521167670421335,0.9707568256521147,0.9645434727821209,0.9583301199121272
obstacle_grid,1.0,0.971819522758817,0.9799007500247259,0.9738398295752941,0.9758601363917714,0.9778804432082487
obstacle_grid,2.0,0.9709099141939039,0.9826578485005752,0.9738468977705718,0.9767838813472396,0.9797208649239074
obstacle_grid,4.0,0.9907509794691212,0.9818937062429105,0.9885366611625686,0.9863223428560158,0.9841080245494631
obstacle_grid,8.0,0.9899241012097943,0.9818937062429105,0.9879165024680734,0.9859089037263524,0.9839013049846315
obstacle_grid,16.0,0.9899241012097943,0.9818937062429105,0.9879165024680734,0.9859089037263524,0.9839013049846315
obstacle_grid,32.0,0.9899241012097943,0.9818937062429105,0.9879165024680734,0.9859089037263524,0.9839013049846315
obstacle_grid,64.0,0.9899241012097943,0.9818937062429105,0.9879165024680734,0.9859089037263524,0.9839013049846315
obstacle_grid,128.0,0.9899241012097943,0.9818937062429105,0.9879165024680734,0.9859089037263524,0.9839013049846315
two_moons,1.0,0.913942376598299,0.989887910489543,0.93292876007111,0.951915143543921,0.970901527016732
two_moons,2.0,0.9929723219853697,0.9720835047951394,0.9877501176878121,0.9825279133902545,0.9773057090926969
two_moons,4.0,0.9843321508195175,0.9904379922414928,0.9858586111750114,0.9873850715305051,0.988911531885999
two_moons,8.0,0.9790739473348393,0.9903853713538655,0.9819018033395959,0.9847296593443524,0.987557515349109
two_moons,16.0,0.9771753062070936,0.990989994742935,0.980628978341054,0.9840826504750143,0.9875363226089746
two_moons,32.0,0.9815016989465718,0.989124473206877,0.9834073925116481,0.9853130860767244,0.9872187796418007
two_moons,64.0,0.9713403306512708,0.991261492783804,0.9763206211844041,0.9813009117175374,0.9862812022506707
two_moons,128.0,0.9776672785822319,0.9913203838312901,0.9810805548944965,0.984493831206761,0.9879071075190254
